Model Name,OverSampling Method,Selected Features Count,Selected Features,Epochs,Class,Accuracy,Precision,Recall,F1-Score,,Class Counts Before oversampling ,Class Counts After oversampling 
BiRNN,UNet,30,"[0, 1, 2, 3, 4, 5, 11, 12, 13, 21, 23, 24, 26, 29, 43, 45, 48, 50, 57, 58, 70, 73, 78, 80, 82, 83, 84, 85, 86, 87]",1000,0,0.913890541,0.968344156,0.994166667,0.981085526,,"Counter({0: 4800, 6: 3200, 4: 3200, 5: 3200, 3: 3200, 2: 3200, 7: 3200, 1: 2894})","Counter({0: 4800, 6: 4800, 4: 4800, 1: 4800, 5: 4800, 3: 4800, 2: 4800, 7: 4800})"
BiRNN,UNet,30,"[0, 1, 2, 3, 4, 5, 11, 12, 13, 21, 23, 24, 26, 29, 43, 45, 48, 50, 57, 58, 70, 73, 78, 80, 82, 83, 84, 85, 86, 87]",1000,1,0.913890541,0.68159204,0.756906077,0.717277487,,"Counter({0: 4800, 6: 3200, 4: 3200, 5: 3200, 3: 3200, 2: 3200, 7: 3200, 1: 2894})","Counter({0: 4800, 6: 4800, 4: 4800, 1: 4800, 5: 4800, 3: 4800, 2: 4800, 7: 4800})"
BiRNN,UNet,30,"[0, 1, 2, 3, 4, 5, 11, 12, 13, 21, 23, 24, 26, 29, 43, 45, 48, 50, 57, 58, 70, 73, 78, 80, 82, 83, 84, 85, 86, 87]",1000,2,0.913890541,0.952319588,0.92375,0.937817259,,"Counter({0: 4800, 6: 3200, 4: 3200, 5: 3200, 3: 3200, 2: 3200, 7: 3200, 1: 2894})","Counter({0: 4800, 6: 4800, 4: 4800, 1: 4800, 5: 4800, 3: 4800, 2: 4800, 7: 4800})"
BiRNN,UNet,30,"[0, 1, 2, 3, 4, 5, 11, 12, 13, 21, 23, 24, 26, 29, 43, 45, 48, 50, 57, 58, 70, 73, 78, 80, 82, 83, 84, 85, 86, 87]",1000,3,0.913890541,0.987373737,0.9775,0.98241206,,"Counter({0: 4800, 6: 3200, 4: 3200, 5: 3200, 3: 3200, 2: 3200, 7: 3200, 1: 2894})","Counter({0: 4800, 6: 4800, 4: 4800, 1: 4800, 5: 4800, 3: 4800, 2: 4800, 7: 4800})"
BiRNN,UNet,30,"[0, 1, 2, 3, 4, 5, 11, 12, 13, 21, 23, 24, 26, 29, 43, 45, 48, 50, 57, 58, 70, 73, 78, 80, 82, 83, 84, 85, 86, 87]",1000,4,0.913890541,0.997484277,0.99125,0.994357367,,"Counter({0: 4800, 6: 3200, 4: 3200, 5: 3200, 3: 3200, 2: 3200, 7: 3200, 1: 2894})","Counter({0: 4800, 6: 4800, 4: 4800, 1: 4800, 5: 4800, 3: 4800, 2: 4800, 7: 4800})"
BiRNN,UNet,30,"[0, 1, 2, 3, 4, 5, 11, 12, 13, 21, 23, 24, 26, 29, 43, 45, 48, 50, 57, 58, 70, 73, 78, 80, 82, 83, 84, 85, 86, 87]",1000,5,0.913890541,0.992177314,0.95125,0.971282706,,"Counter({0: 4800, 6: 3200, 4: 3200, 5: 3200, 3: 3200, 2: 3200, 7: 3200, 1: 2894})","Counter({0: 4800, 6: 4800, 4: 4800, 1: 4800, 5: 4800, 3: 4800, 2: 4800, 7: 4800})"
BiRNN,UNet,30,"[0, 1, 2, 3, 4, 5, 11, 12, 13, 21, 23, 24, 26, 29, 43, 45, 48, 50, 57, 58, 70, 73, 78, 80, 82, 83, 84, 85, 86, 87]",1000,6,0.913890541,0.74002751,0.6725,0.70464964,,"Counter({0: 4800, 6: 3200, 4: 3200, 5: 3200, 3: 3200, 2: 3200, 7: 3200, 1: 2894})","Counter({0: 4800, 6: 4800, 4: 4800, 1: 4800, 5: 4800, 3: 4800, 2: 4800, 7: 4800})"
BiRNN,UNet,30,"[0, 1, 2, 3, 4, 5, 11, 12, 13, 21, 23, 24, 26, 29, 43, 45, 48, 50, 57, 58, 70, 73, 78, 80, 82, 83, 84, 85, 86, 87]",1000,7,0.913890541,0.951865223,0.98875,0.969957082,,"Counter({0: 4800, 6: 3200, 4: 3200, 5: 3200, 3: 3200, 2: 3200, 7: 3200, 1: 2894})","Counter({0: 4800, 6: 4800, 4: 4800, 1: 4800, 5: 4800, 3: 4800, 2: 4800, 7: 4800})"
BiRNN,DDIM,30,"[0, 1, 2, 3, 4, 5, 11, 12, 13, 21, 23, 24, 26, 28, 29, 43, 45, 48, 50, 57, 58, 70, 73, 80, 82, 83, 84, 85, 86, 87]",1000,0,0.912849494,0.971451876,0.9925,0.981863149,,"Counter({0: 4800, 6: 3200, 4: 3200, 5: 3200, 3: 3200, 2: 3200, 7: 3200, 1: 2894})","Counter({0: 4800, 6: 4800, 4: 4800, 1: 4800, 5: 4800, 3: 4800, 2: 4800, 7: 4800})"
BiRNN,DDIM,30,"[0, 1, 2, 3, 4, 5, 11, 12, 13, 21, 23, 24, 26, 28, 29, 43, 45, 48, 50, 57, 58, 70, 73, 80, 82, 83, 84, 85, 86, 87]",1000,1,0.912849494,0.671165644,0.755524862,0.710851202,,"Counter({0: 4800, 6: 3200, 4: 3200, 5: 3200, 3: 3200, 2: 3200, 7: 3200, 1: 2894})","Counter({0: 4800, 6: 4800, 4: 4800, 1: 4800, 5: 4800, 3: 4800, 2: 4800, 7: 4800})"
BiRNN,DDIM,30,"[0, 1, 2, 3, 4, 5, 11, 12, 13, 21, 23, 24, 26, 28, 29, 43, 45, 48, 50, 57, 58, 70, 73, 80, 82, 83, 84, 85, 86, 87]",1000,2,0.912849494,0.952442159,0.92625,0.939163498,,"Counter({0: 4800, 6: 3200, 4: 3200, 5: 3200, 3: 3200, 2: 3200, 7: 3200, 1: 2894})","Counter({0: 4800, 6: 4800, 4: 4800, 1: 4800, 5: 4800, 3: 4800, 2: 4800, 7: 4800})"
BiRNN,DDIM,30,"[0, 1, 2, 3, 4, 5, 11, 12, 13, 21, 23, 24, 26, 28, 29, 43, 45, 48, 50, 57, 58, 70, 73, 80, 82, 83, 84, 85, 86, 87]",1000,3,0.912849494,0.991161616,0.98125,0.986180905,,"Counter({0: 4800, 6: 3200, 4: 3200, 5: 3200, 3: 3200, 2: 3200, 7: 3200, 1: 2894})","Counter({0: 4800, 6: 4800, 4: 4800, 1: 4800, 5: 4800, 3: 4800, 2: 4800, 7: 4800})"
BiRNN,DDIM,30,"[0, 1, 2, 3, 4, 5, 11, 12, 13, 21, 23, 24, 26, 28, 29, 43, 45, 48, 50, 57, 58, 70, 73, 80, 82, 83, 84, 85, 86, 87]",1000,4,0.912849494,0.993742178,0.9925,0.9931207,,"Counter({0: 4800, 6: 3200, 4: 3200, 5: 3200, 3: 3200, 2: 3200, 7: 3200, 1: 2894})","Counter({0: 4800, 6: 4800, 4: 4800, 1: 4800, 5: 4800, 3: 4800, 2: 4800, 7: 4800})"
BiRNN,DDIM,30,"[0, 1, 2, 3, 4, 5, 11, 12, 13, 21, 23, 24, 26, 28, 29, 43, 45, 48, 50, 57, 58, 70, 73, 80, 82, 83, 84, 85, 86, 87]",1000,5,0.912849494,0.992177314,0.95125,0.971282706,,"Counter({0: 4800, 6: 3200, 4: 3200, 5: 3200, 3: 3200, 2: 3200, 7: 3200, 1: 2894})","Counter({0: 4800, 6: 4800, 4: 4800, 1: 4800, 5: 4800, 3: 4800, 2: 4800, 7: 4800})"
BiRNN,DDIM,30,"[0, 1, 2, 3, 4, 5, 11, 12, 13, 21, 23, 24, 26, 28, 29, 43, 45, 48, 50, 57, 58, 70, 73, 80, 82, 83, 84, 85, 86, 87]",1000,6,0.912849494,0.736401674,0.66,0.696110745,,"Counter({0: 4800, 6: 3200, 4: 3200, 5: 3200, 3: 3200, 2: 3200, 7: 3200, 1: 2894})","Counter({0: 4800, 6: 4800, 4: 4800, 1: 4800, 5: 4800, 3: 4800, 2: 4800, 7: 4800})"
BiRNN,DDIM,30,"[0, 1, 2, 3, 4, 5, 11, 12, 13, 21, 23, 24, 26, 28, 29, 43, 45, 48, 50, 57, 58, 70, 73, 80, 82, 83, 84, 85, 86, 87]",1000,7,0.912849494,0.953012048,0.98875,0.970552147,,"Counter({0: 4800, 6: 3200, 4: 3200, 5: 3200, 3: 3200, 2: 3200, 7: 3200, 1: 2894})","Counter({0: 4800, 6: 4800, 4: 4800, 1: 4800, 5: 4800, 3: 4800, 2: 4800, 7: 4800})"
BiRNN,DDPM,30,"[0, 1, 2, 3, 4, 5, 11, 12, 13, 21, 23, 24, 26, 29, 43, 45, 48, 50, 57, 58, 70, 73, 78, 80, 82, 83, 84, 85, 86, 87]",1000,0,0.916418798,0.972267537,0.993333333,0.982687552,,"Counter({0: 4800, 6: 3200, 4: 3200, 5: 3200, 3: 3200, 2: 3200, 7: 3200, 1: 2894})","Counter({0: 4800, 6: 4800, 4: 4800, 1: 4800, 5: 4800, 3: 4800, 2: 4800, 7: 4800})"
BiRNN,DDPM,30,"[0, 1, 2, 3, 4, 5, 11, 12, 13, 21, 23, 24, 26, 29, 43, 45, 48, 50, 57, 58, 70, 73, 78, 80, 82, 83, 84, 85, 86, 87]",1000,1,0.916418798,0.685434517,0.773480663,0.726800779,,"Counter({0: 4800, 6: 3200, 4: 3200, 5: 3200, 3: 3200, 2: 3200, 7: 3200, 1: 2894})","Counter({0: 4800, 6: 4800, 4: 4800, 1: 4800, 5: 4800, 3: 4800, 2: 4800, 7: 4800})"
BiRNN,DDPM,30,"[0, 1, 2, 3, 4, 5, 11, 12, 13, 21, 23, 24, 26, 29, 43, 45, 48, 50, 57, 58, 70, 73, 78, 80, 82, 83, 84, 85, 86, 87]",1000,2,0.916418798,0.94980695,0.9225,0.935954344,,"Counter({0: 4800, 6: 3200, 4: 3200, 5: 3200, 3: 3200, 2: 3200, 7: 3200, 1: 2894})","Counter({0: 4800, 6: 4800, 4: 4800, 1: 4800, 5: 4800, 3: 4800, 2: 4800, 7: 4800})"
BiRNN,DDPM,30,"[0, 1, 2, 3, 4, 5, 11, 12, 13, 21, 23, 24, 26, 29, 43, 45, 48, 50, 57, 58, 70, 73, 78, 80, 82, 83, 84, 85, 86, 87]",1000,3,0.916418798,0.992433796,0.98375,0.988072819,,"Counter({0: 4800, 6: 3200, 4: 3200, 5: 3200, 3: 3200, 2: 3200, 7: 3200, 1: 2894})","Counter({0: 4800, 6: 4800, 4: 4800, 1: 4800, 5: 4800, 3: 4800, 2: 4800, 7: 4800})"
BiRNN,DDPM,30,"[0, 1, 2, 3, 4, 5, 11, 12, 13, 21, 23, 24, 26, 29, 43, 45, 48, 50, 57, 58, 70, 73, 78, 80, 82, 83, 84, 85, 86, 87]",1000,4,0.916418798,0.998743719,0.99375,0.996240602,,"Counter({0: 4800, 6: 3200, 4: 3200, 5: 3200, 3: 3200, 2: 3200, 7: 3200, 1: 2894})","Counter({0: 4800, 6: 4800, 4: 4800, 1: 4800, 5: 4800, 3: 4800, 2: 4800, 7: 4800})"
BiRNN,DDPM,30,"[0, 1, 2, 3, 4, 5, 11, 12, 13, 21, 23, 24, 26, 29, 43, 45, 48, 50, 57, 58, 70, 73, 78, 80, 82, 83, 84, 85, 86, 87]",1000,5,0.916418798,0.98835705,0.955,0.971392244,,"Counter({0: 4800, 6: 3200, 4: 3200, 5: 3200, 3: 3200, 2: 3200, 7: 3200, 1: 2894})","Counter({0: 4800, 6: 4800, 4: 4800, 1: 4800, 5: 4800, 3: 4800, 2: 4800, 7: 4800})"
BiRNN,DDPM,30,"[0, 1, 2, 3, 4, 5, 11, 12, 13, 21, 23, 24, 26, 29, 43, 45, 48, 50, 57, 58, 70, 73, 78, 80, 82, 83, 84, 85, 86, 87]",1000,6,0.916418798,0.75,0.67125,0.708443272,,"Counter({0: 4800, 6: 3200, 4: 3200, 5: 3200, 3: 3200, 2: 3200, 7: 3200, 1: 2894})","Counter({0: 4800, 6: 4800, 4: 4800, 1: 4800, 5: 4800, 3: 4800, 2: 4800, 7: 4800})"
BiRNN,DDPM,30,"[0, 1, 2, 3, 4, 5, 11, 12, 13, 21, 23, 24, 26, 29, 43, 45, 48, 50, 57, 58, 70, 73, 78, 80, 82, 83, 84, 85, 86, 87]",1000,7,0.916418798,0.955205811,0.98625,0.970479705,,"Counter({0: 4800, 6: 3200, 4: 3200, 5: 3200, 3: 3200, 2: 3200, 7: 3200, 1: 2894})","Counter({0: 4800, 6: 4800, 4: 4800, 1: 4800, 5: 4800, 3: 4800, 2: 4800, 7: 4800})"
BiLSTM,UNet,30,"[0, 1, 2, 3, 4, 5, 12, 13, 21, 23, 24, 26, 28, 29, 43, 45, 48, 50, 57, 58, 70, 73, 78, 80, 82, 83, 84, 85, 86, 87]",1000,0,0.925342058,0.981132075,0.996666667,0.988838363,,"Counter({0: 4800, 6: 3200, 4: 3200, 5: 3200, 3: 3200, 2: 3200, 7: 3200, 1: 2894})","Counter({0: 4800, 6: 4800, 4: 4800, 1: 4800, 5: 4800, 3: 4800, 2: 4800, 7: 4800})"
BiLSTM,UNet,30,"[0, 1, 2, 3, 4, 5, 12, 13, 21, 23, 24, 26, 28, 29, 43, 45, 48, 50, 57, 58, 70, 73, 78, 80, 82, 83, 84, 85, 86, 87]",1000,1,0.925342058,0.692214112,0.785911602,0.736093144,,"Counter({0: 4800, 6: 3200, 4: 3200, 5: 3200, 3: 3200, 2: 3200, 7: 3200, 1: 2894})","Counter({0: 4800, 6: 4800, 4: 4800, 1: 4800, 5: 4800, 3: 4800, 2: 4800, 7: 4800})"
BiLSTM,UNet,30,"[0, 1, 2, 3, 4, 5, 12, 13, 21, 23, 24, 26, 28, 29, 43, 45, 48, 50, 57, 58, 70, 73, 78, 80, 82, 83, 84, 85, 86, 87]",1000,2,0.925342058,0.969151671,0.9425,0.955640051,,"Counter({0: 4800, 6: 3200, 4: 3200, 5: 3200, 3: 3200, 2: 3200, 7: 3200, 1: 2894})","Counter({0: 4800, 6: 4800, 4: 4800, 1: 4800, 5: 4800, 3: 4800, 2: 4800, 7: 4800})"
BiLSTM,UNet,30,"[0, 1, 2, 3, 4, 5, 12, 13, 21, 23, 24, 26, 28, 29, 43, 45, 48, 50, 57, 58, 70, 73, 78, 80, 82, 83, 84, 85, 86, 87]",1000,3,0.925342058,0.993726474,0.99,0.991859737,,"Counter({0: 4800, 6: 3200, 4: 3200, 5: 3200, 3: 3200, 2: 3200, 7: 3200, 1: 2894})","Counter({0: 4800, 6: 4800, 4: 4800, 1: 4800, 5: 4800, 3: 4800, 2: 4800, 7: 4800})"
BiLSTM,UNet,30,"[0, 1, 2, 3, 4, 5, 12, 13, 21, 23, 24, 26, 28, 29, 43, 45, 48, 50, 57, 58, 70, 73, 78, 80, 82, 83, 84, 85, 86, 87]",1000,4,0.925342058,1,0.995,0.997493734,,"Counter({0: 4800, 6: 3200, 4: 3200, 5: 3200, 3: 3200, 2: 3200, 7: 3200, 1: 2894})","Counter({0: 4800, 6: 4800, 4: 4800, 1: 4800, 5: 4800, 3: 4800, 2: 4800, 7: 4800})"
BiLSTM,UNet,30,"[0, 1, 2, 3, 4, 5, 12, 13, 21, 23, 24, 26, 28, 29, 43, 45, 48, 50, 57, 58, 70, 73, 78, 80, 82, 83, 84, 85, 86, 87]",1000,5,0.925342058,0.993556701,0.96375,0.978426396,,"Counter({0: 4800, 6: 3200, 4: 3200, 5: 3200, 3: 3200, 2: 3200, 7: 3200, 1: 2894})","Counter({0: 4800, 6: 4800, 4: 4800, 1: 4800, 5: 4800, 3: 4800, 2: 4800, 7: 4800})"
BiLSTM,UNet,30,"[0, 1, 2, 3, 4, 5, 12, 13, 21, 23, 24, 26, 28, 29, 43, 45, 48, 50, 57, 58, 70, 73, 78, 80, 82, 83, 84, 85, 86, 87]",1000,6,0.925342058,0.769553073,0.68875,0.726912929,,"Counter({0: 4800, 6: 3200, 4: 3200, 5: 3200, 3: 3200, 2: 3200, 7: 3200, 1: 2894})","Counter({0: 4800, 6: 4800, 4: 4800, 1: 4800, 5: 4800, 3: 4800, 2: 4800, 7: 4800})"
BiLSTM,UNet,30,"[0, 1, 2, 3, 4, 5, 12, 13, 21, 23, 24, 26, 28, 29, 43, 45, 48, 50, 57, 58, 70, 73, 78, 80, 82, 83, 84, 85, 86, 87]",1000,7,0.925342058,0.967073171,0.99125,0.979012346,,"Counter({0: 4800, 6: 3200, 4: 3200, 5: 3200, 3: 3200, 2: 3200, 7: 3200, 1: 2894})","Counter({0: 4800, 6: 4800, 4: 4800, 1: 4800, 5: 4800, 3: 4800, 2: 4800, 7: 4800})"
BiLSTM,DDIM,30,"[0, 1, 2, 3, 4, 5, 11, 12, 13, 21, 23, 24, 26, 29, 43, 45, 48, 50, 57, 58, 70, 73, 78, 80, 82, 83, 84, 85, 86, 87]",1000,0,0.922813801,0.977142857,0.9975,0.987216495,,"Counter({0: 4800, 6: 3200, 4: 3200, 5: 3200, 3: 3200, 2: 3200, 7: 3200, 1: 2894})","Counter({0: 4800, 6: 4800, 4: 4800, 1: 4800, 5: 4800, 3: 4800, 2: 4800, 7: 4800})"
BiLSTM,DDIM,30,"[0, 1, 2, 3, 4, 5, 11, 12, 13, 21, 23, 24, 26, 29, 43, 45, 48, 50, 57, 58, 70, 73, 78, 80, 82, 83, 84, 85, 86, 87]",1000,1,0.922813801,0.686806412,0.769337017,0.725732899,,"Counter({0: 4800, 6: 3200, 4: 3200, 5: 3200, 3: 3200, 2: 3200, 7: 3200, 1: 2894})","Counter({0: 4800, 6: 4800, 4: 4800, 1: 4800, 5: 4800, 3: 4800, 2: 4800, 7: 4800})"
BiLSTM,DDIM,30,"[0, 1, 2, 3, 4, 5, 11, 12, 13, 21, 23, 24, 26, 29, 43, 45, 48, 50, 57, 58, 70, 73, 78, 80, 82, 83, 84, 85, 86, 87]",1000,2,0.922813801,0.965071151,0.9325,0.948506039,,"Counter({0: 4800, 6: 3200, 4: 3200, 5: 3200, 3: 3200, 2: 3200, 7: 3200, 1: 2894})","Counter({0: 4800, 6: 4800, 4: 4800, 1: 4800, 5: 4800, 3: 4800, 2: 4800, 7: 4800})"
BiLSTM,DDIM,30,"[0, 1, 2, 3, 4, 5, 11, 12, 13, 21, 23, 24, 26, 29, 43, 45, 48, 50, 57, 58, 70, 73, 78, 80, 82, 83, 84, 85, 86, 87]",1000,3,0.922813801,0.998737374,0.98875,0.993718593,,"Counter({0: 4800, 6: 3200, 4: 3200, 5: 3200, 3: 3200, 2: 3200, 7: 3200, 1: 2894})","Counter({0: 4800, 6: 4800, 4: 4800, 1: 4800, 5: 4800, 3: 4800, 2: 4800, 7: 4800})"
BiLSTM,DDIM,30,"[0, 1, 2, 3, 4, 5, 11, 12, 13, 21, 23, 24, 26, 29, 43, 45, 48, 50, 57, 58, 70, 73, 78, 80, 82, 83, 84, 85, 86, 87]",1000,4,0.922813801,1,0.9975,0.998748436,,"Counter({0: 4800, 6: 3200, 4: 3200, 5: 3200, 3: 3200, 2: 3200, 7: 3200, 1: 2894})","Counter({0: 4800, 6: 4800, 4: 4800, 1: 4800, 5: 4800, 3: 4800, 2: 4800, 7: 4800})"
BiLSTM,DDIM,30,"[0, 1, 2, 3, 4, 5, 11, 12, 13, 21, 23, 24, 26, 29, 43, 45, 48, 50, 57, 58, 70, 73, 78, 80, 82, 83, 84, 85, 86, 87]",1000,5,0.922813801,0.992337165,0.97125,0.981680354,,"Counter({0: 4800, 6: 3200, 4: 3200, 5: 3200, 3: 3200, 2: 3200, 7: 3200, 1: 2894})","Counter({0: 4800, 6: 4800, 4: 4800, 1: 4800, 5: 4800, 3: 4800, 2: 4800, 7: 4800})"
BiLSTM,DDIM,30,"[0, 1, 2, 3, 4, 5, 11, 12, 13, 21, 23, 24, 26, 29, 43, 45, 48, 50, 57, 58, 70, 73, 78, 80, 82, 83, 84, 85, 86, 87]",1000,6,0.922813801,0.755862069,0.685,0.718688525,,"Counter({0: 4800, 6: 3200, 4: 3200, 5: 3200, 3: 3200, 2: 3200, 7: 3200, 1: 2894})","Counter({0: 4800, 6: 4800, 4: 4800, 1: 4800, 5: 4800, 3: 4800, 2: 4800, 7: 4800})"
BiLSTM,DDIM,30,"[0, 1, 2, 3, 4, 5, 11, 12, 13, 21, 23, 24, 26, 29, 43, 45, 48, 50, 57, 58, 70, 73, 78, 80, 82, 83, 84, 85, 86, 87]",1000,7,0.922813801,0.968176255,0.98875,0.978354978,,"Counter({0: 4800, 6: 3200, 4: 3200, 5: 3200, 3: 3200, 2: 3200, 7: 3200, 1: 2894})","Counter({0: 4800, 6: 4800, 4: 4800, 1: 4800, 5: 4800, 3: 4800, 2: 4800, 7: 4800})"
BiLSTM,DDPM,30,"[0, 1, 3, 4, 5, 11, 12, 13, 21, 23, 24, 26, 28, 29, 43, 45, 48, 50, 57, 58, 70, 73, 78, 81, 82, 83, 84, 85, 86, 87]",1000,0,0.934116597,0.983552632,0.996666667,0.990066225,,"Counter({0: 4800, 6: 3200, 4: 3200, 5: 3200, 3: 3200, 2: 3200, 7: 3200, 1: 2894})","Counter({0: 4800, 6: 4800, 4: 4800, 1: 4800, 5: 4800, 3: 4800, 2: 4800, 7: 4800})"
BiLSTM,DDPM,30,"[0, 1, 3, 4, 5, 11, 12, 13, 21, 23, 24, 26, 28, 29, 43, 45, 48, 50, 57, 58, 70, 73, 78, 81, 82, 83, 84, 85, 86, 87]",1000,1,0.934116597,0.747663551,0.773480663,0.760353021,,"Counter({0: 4800, 6: 3200, 4: 3200, 5: 3200, 3: 3200, 2: 3200, 7: 3200, 1: 2894})","Counter({0: 4800, 6: 4800, 4: 4800, 1: 4800, 5: 4800, 3: 4800, 2: 4800, 7: 4800})"
BiLSTM,DDPM,30,"[0, 1, 3, 4, 5, 11, 12, 13, 21, 23, 24, 26, 28, 29, 43, 45, 48, 50, 57, 58, 70, 73, 78, 81, 82, 83, 84, 85, 86, 87]",1000,2,0.934116597,0.967783505,0.93875,0.953045685,,"Counter({0: 4800, 6: 3200, 4: 3200, 5: 3200, 3: 3200, 2: 3200, 7: 3200, 1: 2894})","Counter({0: 4800, 6: 4800, 4: 4800, 1: 4800, 5: 4800, 3: 4800, 2: 4800, 7: 4800})"
BiLSTM,DDPM,30,"[0, 1, 3, 4, 5, 11, 12, 13, 21, 23, 24, 26, 28, 29, 43, 45, 48, 50, 57, 58, 70, 73, 78, 81, 82, 83, 84, 85, 86, 87]",1000,3,0.934116597,0.996231156,0.99125,0.993734336,,"Counter({0: 4800, 6: 3200, 4: 3200, 5: 3200, 3: 3200, 2: 3200, 7: 3200, 1: 2894})","Counter({0: 4800, 6: 4800, 4: 4800, 1: 4800, 5: 4800, 3: 4800, 2: 4800, 7: 4800})"
BiLSTM,DDPM,30,"[0, 1, 3, 4, 5, 11, 12, 13, 21, 23, 24, 26, 28, 29, 43, 45, 48, 50, 57, 58, 70, 73, 78, 81, 82, 83, 84, 85, 86, 87]",1000,4,0.934116597,0.997496871,0.99625,0.996873046,,"Counter({0: 4800, 6: 3200, 4: 3200, 5: 3200, 3: 3200, 2: 3200, 7: 3200, 1: 2894})","Counter({0: 4800, 6: 4800, 4: 4800, 1: 4800, 5: 4800, 3: 4800, 2: 4800, 7: 4800})"
BiLSTM,DDPM,30,"[0, 1, 3, 4, 5, 11, 12, 13, 21, 23, 24, 26, 28, 29, 43, 45, 48, 50, 57, 58, 70, 73, 78, 81, 82, 83, 84, 85, 86, 87]",1000,5,0.934116597,0.996148909,0.97,0.98290057,,"Counter({0: 4800, 6: 3200, 4: 3200, 5: 3200, 3: 3200, 2: 3200, 7: 3200, 1: 2894})","Counter({0: 4800, 6: 4800, 4: 4800, 1: 4800, 5: 4800, 3: 4800, 2: 4800, 7: 4800})"
BiLSTM,DDPM,30,"[0, 1, 3, 4, 5, 11, 12, 13, 21, 23, 24, 26, 28, 29, 43, 45, 48, 50, 57, 58, 70, 73, 78, 81, 82, 83, 84, 85, 86, 87]",1000,6,0.934116597,0.775535939,0.76875,0.77212806,,"Counter({0: 4800, 6: 3200, 4: 3200, 5: 3200, 3: 3200, 2: 3200, 7: 3200, 1: 2894})","Counter({0: 4800, 6: 4800, 4: 4800, 1: 4800, 5: 4800, 3: 4800, 2: 4800, 7: 4800})"
BiLSTM,DDPM,30,"[0, 1, 3, 4, 5, 11, 12, 13, 21, 23, 24, 26, 28, 29, 43, 45, 48, 50, 57, 58, 70, 73, 78, 81, 82, 83, 84, 85, 86, 87]",1000,7,0.934116597,0.971813725,0.99125,0.981435644,,"Counter({0: 4800, 6: 3200, 4: 3200, 5: 3200, 3: 3200, 2: 3200, 7: 3200, 1: 2894})","Counter({0: 4800, 6: 4800, 4: 4800, 1: 4800, 5: 4800, 3: 4800, 2: 4800, 7: 4800})"
RNN,UNet,30,"[0, 1, 2, 3, 4, 5, 12, 13, 21, 23, 24, 26, 28, 29, 43, 45, 48, 50, 57, 58, 70, 73, 78, 80, 82, 83, 84, 85, 86, 87]",1000,0,0.902141582,0.9037519,0.902141582,0.902142648,,"Counter({0: 4800, 6: 3200, 4: 3200, 5: 3200, 3: 3200, 2: 3200, 7: 3200, 1: 2894})","Counter({0: 4800, 6: 4800, 4: 4800, 1: 4800, 5: 4800, 3: 4800, 2: 4800, 7: 4800})"
RNN,UNet,30,"[0, 1, 2, 3, 4, 5, 12, 13, 21, 23, 24, 26, 28, 29, 43, 45, 48, 50, 57, 58, 70, 73, 78, 80, 82, 83, 84, 85, 86, 87]",1000,1,0.902141582,0.9037519,0.902141582,0.902142648,,"Counter({0: 4800, 6: 3200, 4: 3200, 5: 3200, 3: 3200, 2: 3200, 7: 3200, 1: 2894})","Counter({0: 4800, 6: 4800, 4: 4800, 1: 4800, 5: 4800, 3: 4800, 2: 4800, 7: 4800})"
RNN,UNet,30,"[0, 1, 2, 3, 4, 5, 12, 13, 21, 23, 24, 26, 28, 29, 43, 45, 48, 50, 57, 58, 70, 73, 78, 80, 82, 83, 84, 85, 86, 87]",1000,2,0.902141582,0.9037519,0.902141582,0.902142648,,"Counter({0: 4800, 6: 3200, 4: 3200, 5: 3200, 3: 3200, 2: 3200, 7: 3200, 1: 2894})","Counter({0: 4800, 6: 4800, 4: 4800, 1: 4800, 5: 4800, 3: 4800, 2: 4800, 7: 4800})"
RNN,UNet,30,"[0, 1, 2, 3, 4, 5, 12, 13, 21, 23, 24, 26, 28, 29, 43, 45, 48, 50, 57, 58, 70, 73, 78, 80, 82, 83, 84, 85, 86, 87]",1000,3,0.902141582,0.9037519,0.902141582,0.902142648,,"Counter({0: 4800, 6: 3200, 4: 3200, 5: 3200, 3: 3200, 2: 3200, 7: 3200, 1: 2894})","Counter({0: 4800, 6: 4800, 4: 4800, 1: 4800, 5: 4800, 3: 4800, 2: 4800, 7: 4800})"
RNN,UNet,30,"[0, 1, 2, 3, 4, 5, 12, 13, 21, 23, 24, 26, 28, 29, 43, 45, 48, 50, 57, 58, 70, 73, 78, 80, 82, 83, 84, 85, 86, 87]",1000,4,0.902141582,0.9037519,0.902141582,0.902142648,,"Counter({0: 4800, 6: 3200, 4: 3200, 5: 3200, 3: 3200, 2: 3200, 7: 3200, 1: 2894})","Counter({0: 4800, 6: 4800, 4: 4800, 1: 4800, 5: 4800, 3: 4800, 2: 4800, 7: 4800})"
RNN,UNet,30,"[0, 1, 2, 3, 4, 5, 12, 13, 21, 23, 24, 26, 28, 29, 43, 45, 48, 50, 57, 58, 70, 73, 78, 80, 82, 83, 84, 85, 86, 87]",1000,5,0.902141582,0.9037519,0.902141582,0.902142648,,"Counter({0: 4800, 6: 3200, 4: 3200, 5: 3200, 3: 3200, 2: 3200, 7: 3200, 1: 2894})","Counter({0: 4800, 6: 4800, 4: 4800, 1: 4800, 5: 4800, 3: 4800, 2: 4800, 7: 4800})"
RNN,UNet,30,"[0, 1, 2, 3, 4, 5, 12, 13, 21, 23, 24, 26, 28, 29, 43, 45, 48, 50, 57, 58, 70, 73, 78, 80, 82, 83, 84, 85, 86, 87]",1000,6,0.902141582,0.9037519,0.902141582,0.902142648,,"Counter({0: 4800, 6: 3200, 4: 3200, 5: 3200, 3: 3200, 2: 3200, 7: 3200, 1: 2894})","Counter({0: 4800, 6: 4800, 4: 4800, 1: 4800, 5: 4800, 3: 4800, 2: 4800, 7: 4800})"
RNN,UNet,30,"[0, 1, 2, 3, 4, 5, 12, 13, 21, 23, 24, 26, 28, 29, 43, 45, 48, 50, 57, 58, 70, 73, 78, 80, 82, 83, 84, 85, 86, 87]",1000,7,0.902141582,0.9037519,0.902141582,0.902142648,,"Counter({0: 4800, 6: 3200, 4: 3200, 5: 3200, 3: 3200, 2: 3200, 7: 3200, 1: 2894})","Counter({0: 4800, 6: 4800, 4: 4800, 1: 4800, 5: 4800, 3: 4800, 2: 4800, 7: 4800})"
LSTM,UNet,30,"[0, 1, 2, 3, 4, 5, 12, 13, 21, 23, 24, 26, 28, 29, 43, 45, 48, 50, 57, 58, 70, 73, 78, 80, 82, 83, 84, 85, 86, 87]",1000,0,0.91374182,0.914913232,0.91374182,0.913899327,,"Counter({0: 4800, 6: 3200, 4: 3200, 5: 3200, 3: 3200, 2: 3200, 7: 3200, 1: 2894})","Counter({0: 4800, 6: 4800, 4: 4800, 1: 4800, 5: 4800, 3: 4800, 2: 4800, 7: 4800})"
LSTM,UNet,30,"[0, 1, 2, 3, 4, 5, 12, 13, 21, 23, 24, 26, 28, 29, 43, 45, 48, 50, 57, 58, 70, 73, 78, 80, 82, 83, 84, 85, 86, 87]",1000,1,0.91374182,0.914913232,0.91374182,0.913899327,,"Counter({0: 4800, 6: 3200, 4: 3200, 5: 3200, 3: 3200, 2: 3200, 7: 3200, 1: 2894})","Counter({0: 4800, 6: 4800, 4: 4800, 1: 4800, 5: 4800, 3: 4800, 2: 4800, 7: 4800})"
LSTM,UNet,30,"[0, 1, 2, 3, 4, 5, 12, 13, 21, 23, 24, 26, 28, 29, 43, 45, 48, 50, 57, 58, 70, 73, 78, 80, 82, 83, 84, 85, 86, 87]",1000,2,0.91374182,0.914913232,0.91374182,0.913899327,,"Counter({0: 4800, 6: 3200, 4: 3200, 5: 3200, 3: 3200, 2: 3200, 7: 3200, 1: 2894})","Counter({0: 4800, 6: 4800, 4: 4800, 1: 4800, 5: 4800, 3: 4800, 2: 4800, 7: 4800})"
LSTM,UNet,30,"[0, 1, 2, 3, 4, 5, 12, 13, 21, 23, 24, 26, 28, 29, 43, 45, 48, 50, 57, 58, 70, 73, 78, 80, 82, 83, 84, 85, 86, 87]",1000,3,0.91374182,0.914913232,0.91374182,0.913899327,,"Counter({0: 4800, 6: 3200, 4: 3200, 5: 3200, 3: 3200, 2: 3200, 7: 3200, 1: 2894})","Counter({0: 4800, 6: 4800, 4: 4800, 1: 4800, 5: 4800, 3: 4800, 2: 4800, 7: 4800})"
LSTM,UNet,30,"[0, 1, 2, 3, 4, 5, 12, 13, 21, 23, 24, 26, 28, 29, 43, 45, 48, 50, 57, 58, 70, 73, 78, 80, 82, 83, 84, 85, 86, 87]",1000,4,0.91374182,0.914913232,0.91374182,0.913899327,,"Counter({0: 4800, 6: 3200, 4: 3200, 5: 3200, 3: 3200, 2: 3200, 7: 3200, 1: 2894})","Counter({0: 4800, 6: 4800, 4: 4800, 1: 4800, 5: 4800, 3: 4800, 2: 4800, 7: 4800})"
LSTM,UNet,30,"[0, 1, 2, 3, 4, 5, 12, 13, 21, 23, 24, 26, 28, 29, 43, 45, 48, 50, 57, 58, 70, 73, 78, 80, 82, 83, 84, 85, 86, 87]",1000,5,0.91374182,0.914913232,0.91374182,0.913899327,,"Counter({0: 4800, 6: 3200, 4: 3200, 5: 3200, 3: 3200, 2: 3200, 7: 3200, 1: 2894})","Counter({0: 4800, 6: 4800, 4: 4800, 1: 4800, 5: 4800, 3: 4800, 2: 4800, 7: 4800})"
LSTM,UNet,30,"[0, 1, 2, 3, 4, 5, 12, 13, 21, 23, 24, 26, 28, 29, 43, 45, 48, 50, 57, 58, 70, 73, 78, 80, 82, 83, 84, 85, 86, 87]",1000,6,0.91374182,0.914913232,0.91374182,0.913899327,,"Counter({0: 4800, 6: 3200, 4: 3200, 5: 3200, 3: 3200, 2: 3200, 7: 3200, 1: 2894})","Counter({0: 4800, 6: 4800, 4: 4800, 1: 4800, 5: 4800, 3: 4800, 2: 4800, 7: 4800})"
LSTM,UNet,30,"[0, 1, 2, 3, 4, 5, 12, 13, 21, 23, 24, 26, 28, 29, 43, 45, 48, 50, 57, 58, 70, 73, 78, 80, 82, 83, 84, 85, 86, 87]",1000,7,0.91374182,0.914913232,0.91374182,0.913899327,,"Counter({0: 4800, 6: 3200, 4: 3200, 5: 3200, 3: 3200, 2: 3200, 7: 3200, 1: 2894})","Counter({0: 4800, 6: 4800, 4: 4800, 1: 4800, 5: 4800, 3: 4800, 2: 4800, 7: 4800})"
RNN,DDIM,30,"[0, 1, 2, 3, 4, 5, 11, 12, 13, 21, 23, 24, 26, 28, 29, 43, 45, 48, 50, 57, 58, 70, 73, 80, 82, 83, 84, 85, 86, 87]",1000,0,0.901100535,0.902652879,0.901100535,0.901220651,,"Counter({0: 4800, 6: 3200, 4: 3200, 5: 3200, 3: 3200, 2: 3200, 7: 3200, 1: 2894})","Counter({0: 4800, 6: 4800, 4: 4800, 1: 4800, 5: 4800, 3: 4800, 2: 4800, 7: 4800})"
RNN,DDIM,30,"[0, 1, 2, 3, 4, 5, 11, 12, 13, 21, 23, 24, 26, 28, 29, 43, 45, 48, 50, 57, 58, 70, 73, 80, 82, 83, 84, 85, 86, 87]",1000,1,0.901100535,0.902652879,0.901100535,0.901220651,,"Counter({0: 4800, 6: 3200, 4: 3200, 5: 3200, 3: 3200, 2: 3200, 7: 3200, 1: 2894})","Counter({0: 4800, 6: 4800, 4: 4800, 1: 4800, 5: 4800, 3: 4800, 2: 4800, 7: 4800})"
RNN,DDIM,30,"[0, 1, 2, 3, 4, 5, 11, 12, 13, 21, 23, 24, 26, 28, 29, 43, 45, 48, 50, 57, 58, 70, 73, 80, 82, 83, 84, 85, 86, 87]",1000,2,0.901100535,0.902652879,0.901100535,0.901220651,,"Counter({0: 4800, 6: 3200, 4: 3200, 5: 3200, 3: 3200, 2: 3200, 7: 3200, 1: 2894})","Counter({0: 4800, 6: 4800, 4: 4800, 1: 4800, 5: 4800, 3: 4800, 2: 4800, 7: 4800})"
RNN,DDIM,30,"[0, 1, 2, 3, 4, 5, 11, 12, 13, 21, 23, 24, 26, 28, 29, 43, 45, 48, 50, 57, 58, 70, 73, 80, 82, 83, 84, 85, 86, 87]",1000,3,0.901100535,0.902652879,0.901100535,0.901220651,,"Counter({0: 4800, 6: 3200, 4: 3200, 5: 3200, 3: 3200, 2: 3200, 7: 3200, 1: 2894})","Counter({0: 4800, 6: 4800, 4: 4800, 1: 4800, 5: 4800, 3: 4800, 2: 4800, 7: 4800})"
RNN,DDIM,30,"[0, 1, 2, 3, 4, 5, 11, 12, 13, 21, 23, 24, 26, 28, 29, 43, 45, 48, 50, 57, 58, 70, 73, 80, 82, 83, 84, 85, 86, 87]",1000,4,0.901100535,0.902652879,0.901100535,0.901220651,,"Counter({0: 4800, 6: 3200, 4: 3200, 5: 3200, 3: 3200, 2: 3200, 7: 3200, 1: 2894})","Counter({0: 4800, 6: 4800, 4: 4800, 1: 4800, 5: 4800, 3: 4800, 2: 4800, 7: 4800})"
RNN,DDIM,30,"[0, 1, 2, 3, 4, 5, 11, 12, 13, 21, 23, 24, 26, 28, 29, 43, 45, 48, 50, 57, 58, 70, 73, 80, 82, 83, 84, 85, 86, 87]",1000,5,0.901100535,0.902652879,0.901100535,0.901220651,,"Counter({0: 4800, 6: 3200, 4: 3200, 5: 3200, 3: 3200, 2: 3200, 7: 3200, 1: 2894})","Counter({0: 4800, 6: 4800, 4: 4800, 1: 4800, 5: 4800, 3: 4800, 2: 4800, 7: 4800})"
RNN,DDIM,30,"[0, 1, 2, 3, 4, 5, 11, 12, 13, 21, 23, 24, 26, 28, 29, 43, 45, 48, 50, 57, 58, 70, 73, 80, 82, 83, 84, 85, 86, 87]",1000,6,0.901100535,0.902652879,0.901100535,0.901220651,,"Counter({0: 4800, 6: 3200, 4: 3200, 5: 3200, 3: 3200, 2: 3200, 7: 3200, 1: 2894})","Counter({0: 4800, 6: 4800, 4: 4800, 1: 4800, 5: 4800, 3: 4800, 2: 4800, 7: 4800})"
RNN,DDIM,30,"[0, 1, 2, 3, 4, 5, 11, 12, 13, 21, 23, 24, 26, 28, 29, 43, 45, 48, 50, 57, 58, 70, 73, 80, 82, 83, 84, 85, 86, 87]",1000,7,0.901100535,0.902652879,0.901100535,0.901220651,,"Counter({0: 4800, 6: 3200, 4: 3200, 5: 3200, 3: 3200, 2: 3200, 7: 3200, 1: 2894})","Counter({0: 4800, 6: 4800, 4: 4800, 1: 4800, 5: 4800, 3: 4800, 2: 4800, 7: 4800})"
LSTM,DDIM,30,"[0, 1, 2, 3, 4, 5, 11, 12, 13, 21, 23, 24, 26, 28, 29, 43, 45, 48, 50, 57, 58, 70, 73, 80, 82, 83, 84, 85, 86, 87]",1000,0,0.911511005,0.912805737,0.911511005,0.911583167,,"Counter({0: 4800, 6: 3200, 4: 3200, 5: 3200, 3: 3200, 2: 3200, 7: 3200, 1: 2894})","Counter({0: 4800, 6: 4800, 4: 4800, 1: 4800, 5: 4800, 3: 4800, 2: 4800, 7: 4800})"
LSTM,DDIM,30,"[0, 1, 2, 3, 4, 5, 11, 12, 13, 21, 23, 24, 26, 28, 29, 43, 45, 48, 50, 57, 58, 70, 73, 80, 82, 83, 84, 85, 86, 87]",1000,1,0.911511005,0.912805737,0.911511005,0.911583167,,"Counter({0: 4800, 6: 3200, 4: 3200, 5: 3200, 3: 3200, 2: 3200, 7: 3200, 1: 2894})","Counter({0: 4800, 6: 4800, 4: 4800, 1: 4800, 5: 4800, 3: 4800, 2: 4800, 7: 4800})"
LSTM,DDIM,30,"[0, 1, 2, 3, 4, 5, 11, 12, 13, 21, 23, 24, 26, 28, 29, 43, 45, 48, 50, 57, 58, 70, 73, 80, 82, 83, 84, 85, 86, 87]",1000,2,0.911511005,0.912805737,0.911511005,0.911583167,,"Counter({0: 4800, 6: 3200, 4: 3200, 5: 3200, 3: 3200, 2: 3200, 7: 3200, 1: 2894})","Counter({0: 4800, 6: 4800, 4: 4800, 1: 4800, 5: 4800, 3: 4800, 2: 4800, 7: 4800})"
LSTM,DDIM,30,"[0, 1, 2, 3, 4, 5, 11, 12, 13, 21, 23, 24, 26, 28, 29, 43, 45, 48, 50, 57, 58, 70, 73, 80, 82, 83, 84, 85, 86, 87]",1000,3,0.911511005,0.912805737,0.911511005,0.911583167,,"Counter({0: 4800, 6: 3200, 4: 3200, 5: 3200, 3: 3200, 2: 3200, 7: 3200, 1: 2894})","Counter({0: 4800, 6: 4800, 4: 4800, 1: 4800, 5: 4800, 3: 4800, 2: 4800, 7: 4800})"
LSTM,DDIM,30,"[0, 1, 2, 3, 4, 5, 11, 12, 13, 21, 23, 24, 26, 28, 29, 43, 45, 48, 50, 57, 58, 70, 73, 80, 82, 83, 84, 85, 86, 87]",1000,4,0.911511005,0.912805737,0.911511005,0.911583167,,"Counter({0: 4800, 6: 3200, 4: 3200, 5: 3200, 3: 3200, 2: 3200, 7: 3200, 1: 2894})","Counter({0: 4800, 6: 4800, 4: 4800, 1: 4800, 5: 4800, 3: 4800, 2: 4800, 7: 4800})"
LSTM,DDIM,30,"[0, 1, 2, 3, 4, 5, 11, 12, 13, 21, 23, 24, 26, 28, 29, 43, 45, 48, 50, 57, 58, 70, 73, 80, 82, 83, 84, 85, 86, 87]",1000,5,0.911511005,0.912805737,0.911511005,0.911583167,,"Counter({0: 4800, 6: 3200, 4: 3200, 5: 3200, 3: 3200, 2: 3200, 7: 3200, 1: 2894})","Counter({0: 4800, 6: 4800, 4: 4800, 1: 4800, 5: 4800, 3: 4800, 2: 4800, 7: 4800})"
LSTM,DDIM,30,"[0, 1, 2, 3, 4, 5, 11, 12, 13, 21, 23, 24, 26, 28, 29, 43, 45, 48, 50, 57, 58, 70, 73, 80, 82, 83, 84, 85, 86, 87]",1000,6,0.911511005,0.912805737,0.911511005,0.911583167,,"Counter({0: 4800, 6: 3200, 4: 3200, 5: 3200, 3: 3200, 2: 3200, 7: 3200, 1: 2894})","Counter({0: 4800, 6: 4800, 4: 4800, 1: 4800, 5: 4800, 3: 4800, 2: 4800, 7: 4800})"
LSTM,DDIM,30,"[0, 1, 2, 3, 4, 5, 11, 12, 13, 21, 23, 24, 26, 28, 29, 43, 45, 48, 50, 57, 58, 70, 73, 80, 82, 83, 84, 85, 86, 87]",1000,7,0.911511005,0.912805737,0.911511005,0.911583167,,"Counter({0: 4800, 6: 3200, 4: 3200, 5: 3200, 3: 3200, 2: 3200, 7: 3200, 1: 2894})","Counter({0: 4800, 6: 4800, 4: 4800, 1: 4800, 5: 4800, 3: 4800, 2: 4800, 7: 4800})"
RNN,DDPM,30,"[0, 1, 2, 3, 4, 5, 12, 13, 21, 23, 24, 26, 28, 29, 43, 45, 48, 50, 57, 58, 70, 73, 78, 80, 82, 83, 84, 85, 86, 87]",1000,0,0.902885187,0.904289245,0.902885187,0.902840999,,"Counter({0: 4800, 6: 3200, 4: 3200, 5: 3200, 3: 3200, 2: 3200, 7: 3200, 1: 2894})","Counter({0: 4800, 6: 4800, 4: 4800, 1: 4800, 5: 4800, 3: 4800, 2: 4800, 7: 4800})"
RNN,DDPM,30,"[0, 1, 2, 3, 4, 5, 12, 13, 21, 23, 24, 26, 28, 29, 43, 45, 48, 50, 57, 58, 70, 73, 78, 80, 82, 83, 84, 85, 86, 87]",1000,1,0.902885187,0.904289245,0.902885187,0.902840999,,"Counter({0: 4800, 6: 3200, 4: 3200, 5: 3200, 3: 3200, 2: 3200, 7: 3200, 1: 2894})","Counter({0: 4800, 6: 4800, 4: 4800, 1: 4800, 5: 4800, 3: 4800, 2: 4800, 7: 4800})"
RNN,DDPM,30,"[0, 1, 2, 3, 4, 5, 12, 13, 21, 23, 24, 26, 28, 29, 43, 45, 48, 50, 57, 58, 70, 73, 78, 80, 82, 83, 84, 85, 86, 87]",1000,2,0.902885187,0.904289245,0.902885187,0.902840999,,"Counter({0: 4800, 6: 3200, 4: 3200, 5: 3200, 3: 3200, 2: 3200, 7: 3200, 1: 2894})","Counter({0: 4800, 6: 4800, 4: 4800, 1: 4800, 5: 4800, 3: 4800, 2: 4800, 7: 4800})"
RNN,DDPM,30,"[0, 1, 2, 3, 4, 5, 12, 13, 21, 23, 24, 26, 28, 29, 43, 45, 48, 50, 57, 58, 70, 73, 78, 80, 82, 83, 84, 85, 86, 87]",1000,3,0.902885187,0.904289245,0.902885187,0.902840999,,"Counter({0: 4800, 6: 3200, 4: 3200, 5: 3200, 3: 3200, 2: 3200, 7: 3200, 1: 2894})","Counter({0: 4800, 6: 4800, 4: 4800, 1: 4800, 5: 4800, 3: 4800, 2: 4800, 7: 4800})"
RNN,DDPM,30,"[0, 1, 2, 3, 4, 5, 12, 13, 21, 23, 24, 26, 28, 29, 43, 45, 48, 50, 57, 58, 70, 73, 78, 80, 82, 83, 84, 85, 86, 87]",1000,4,0.902885187,0.904289245,0.902885187,0.902840999,,"Counter({0: 4800, 6: 3200, 4: 3200, 5: 3200, 3: 3200, 2: 3200, 7: 3200, 1: 2894})","Counter({0: 4800, 6: 4800, 4: 4800, 1: 4800, 5: 4800, 3: 4800, 2: 4800, 7: 4800})"
RNN,DDPM,30,"[0, 1, 2, 3, 4, 5, 12, 13, 21, 23, 24, 26, 28, 29, 43, 45, 48, 50, 57, 58, 70, 73, 78, 80, 82, 83, 84, 85, 86, 87]",1000,5,0.902885187,0.904289245,0.902885187,0.902840999,,"Counter({0: 4800, 6: 3200, 4: 3200, 5: 3200, 3: 3200, 2: 3200, 7: 3200, 1: 2894})","Counter({0: 4800, 6: 4800, 4: 4800, 1: 4800, 5: 4800, 3: 4800, 2: 4800, 7: 4800})"
RNN,DDPM,30,"[0, 1, 2, 3, 4, 5, 12, 13, 21, 23, 24, 26, 28, 29, 43, 45, 48, 50, 57, 58, 70, 73, 78, 80, 82, 83, 84, 85, 86, 87]",1000,6,0.902885187,0.904289245,0.902885187,0.902840999,,"Counter({0: 4800, 6: 3200, 4: 3200, 5: 3200, 3: 3200, 2: 3200, 7: 3200, 1: 2894})","Counter({0: 4800, 6: 4800, 4: 4800, 1: 4800, 5: 4800, 3: 4800, 2: 4800, 7: 4800})"
RNN,DDPM,30,"[0, 1, 2, 3, 4, 5, 12, 13, 21, 23, 24, 26, 28, 29, 43, 45, 48, 50, 57, 58, 70, 73, 78, 80, 82, 83, 84, 85, 86, 87]",1000,7,0.902885187,0.904289245,0.902885187,0.902840999,,"Counter({0: 4800, 6: 3200, 4: 3200, 5: 3200, 3: 3200, 2: 3200, 7: 3200, 1: 2894})","Counter({0: 4800, 6: 4800, 4: 4800, 1: 4800, 5: 4800, 3: 4800, 2: 4800, 7: 4800})"
LSTM,DDPM,30,"[0, 1, 2, 3, 4, 5, 12, 13, 21, 23, 24, 26, 28, 29, 43, 45, 48, 50, 57, 58, 70, 73, 78, 80, 82, 83, 84, 85, 86, 87]",1000,0,0.919393218,0.920719002,0.919393218,0.919404498,,"Counter({0: 4800, 6: 3200, 4: 3200, 5: 3200, 3: 3200, 2: 3200, 7: 3200, 1: 2894})","Counter({0: 4800, 6: 4800, 4: 4800, 1: 4800, 5: 4800, 3: 4800, 2: 4800, 7: 4800})"
LSTM,DDPM,30,"[0, 1, 2, 3, 4, 5, 12, 13, 21, 23, 24, 26, 28, 29, 43, 45, 48, 50, 57, 58, 70, 73, 78, 80, 82, 83, 84, 85, 86, 87]",1000,1,0.919393218,0.920719002,0.919393218,0.919404498,,"Counter({0: 4800, 6: 3200, 4: 3200, 5: 3200, 3: 3200, 2: 3200, 7: 3200, 1: 2894})","Counter({0: 4800, 6: 4800, 4: 4800, 1: 4800, 5: 4800, 3: 4800, 2: 4800, 7: 4800})"
LSTM,DDPM,30,"[0, 1, 2, 3, 4, 5, 12, 13, 21, 23, 24, 26, 28, 29, 43, 45, 48, 50, 57, 58, 70, 73, 78, 80, 82, 83, 84, 85, 86, 87]",1000,2,0.919393218,0.920719002,0.919393218,0.919404498,,"Counter({0: 4800, 6: 3200, 4: 3200, 5: 3200, 3: 3200, 2: 3200, 7: 3200, 1: 2894})","Counter({0: 4800, 6: 4800, 4: 4800, 1: 4800, 5: 4800, 3: 4800, 2: 4800, 7: 4800})"
LSTM,DDPM,30,"[0, 1, 2, 3, 4, 5, 12, 13, 21, 23, 24, 26, 28, 29, 43, 45, 48, 50, 57, 58, 70, 73, 78, 80, 82, 83, 84, 85, 86, 87]",1000,3,0.919393218,0.920719002,0.919393218,0.919404498,,"Counter({0: 4800, 6: 3200, 4: 3200, 5: 3200, 3: 3200, 2: 3200, 7: 3200, 1: 2894})","Counter({0: 4800, 6: 4800, 4: 4800, 1: 4800, 5: 4800, 3: 4800, 2: 4800, 7: 4800})"
LSTM,DDPM,30,"[0, 1, 2, 3, 4, 5, 12, 13, 21, 23, 24, 26, 28, 29, 43, 45, 48, 50, 57, 58, 70, 73, 78, 80, 82, 83, 84, 85, 86, 87]",1000,4,0.919393218,0.920719002,0.919393218,0.919404498,,"Counter({0: 4800, 6: 3200, 4: 3200, 5: 3200, 3: 3200, 2: 3200, 7: 3200, 1: 2894})","Counter({0: 4800, 6: 4800, 4: 4800, 1: 4800, 5: 4800, 3: 4800, 2: 4800, 7: 4800})"
LSTM,DDPM,30,"[0, 1, 2, 3, 4, 5, 12, 13, 21, 23, 24, 26, 28, 29, 43, 45, 48, 50, 57, 58, 70, 73, 78, 80, 82, 83, 84, 85, 86, 87]",1000,5,0.919393218,0.920719002,0.919393218,0.919404498,,"Counter({0: 4800, 6: 3200, 4: 3200, 5: 3200, 3: 3200, 2: 3200, 7: 3200, 1: 2894})","Counter({0: 4800, 6: 4800, 4: 4800, 1: 4800, 5: 4800, 3: 4800, 2: 4800, 7: 4800})"
LSTM,DDPM,30,"[0, 1, 2, 3, 4, 5, 12, 13, 21, 23, 24, 26, 28, 29, 43, 45, 48, 50, 57, 58, 70, 73, 78, 80, 82, 83, 84, 85, 86, 87]",1000,6,0.919393218,0.920719002,0.919393218,0.919404498,,"Counter({0: 4800, 6: 3200, 4: 3200, 5: 3200, 3: 3200, 2: 3200, 7: 3200, 1: 2894})","Counter({0: 4800, 6: 4800, 4: 4800, 1: 4800, 5: 4800, 3: 4800, 2: 4800, 7: 4800})"
LSTM,DDPM,30,"[0, 1, 2, 3, 4, 5, 12, 13, 21, 23, 24, 26, 28, 29, 43, 45, 48, 50, 57, 58, 70, 73, 78, 80, 82, 83, 84, 85, 86, 87]",1000,7,0.919393218,0.920719002,0.919393218,0.919404498,,"Counter({0: 4800, 6: 3200, 4: 3200, 5: 3200, 3: 3200, 2: 3200, 7: 3200, 1: 2894})","Counter({0: 4800, 6: 4800, 4: 4800, 1: 4800, 5: 4800, 3: 4800, 2: 4800, 7: 4800})"
